product_title,product_id,product_type,status,published_scope,published_at
"27"" Tummy Control Long Legging (Zephyr Moda Floral)",4584783577146,Leggings,active,web,2021-06-10T11:55:06-07:00
Alanna High Waist Legging (Oxblood Red),4531026264122,Leggings,active,web,2020-08-06T15:38:25-07:00
Alexis Seamless Sport Bra (Ambrosia),4394944725050,Sports Bra,active,web,2020-02-06T12:08:47-08:00
Andre Tank (H. Grey),6582208856122,Tops,active,web,2021-06-01T11:32:34-07:00
Andy Seamless Sport Bra (Wild Plum),4458513727546,Sports Bra,draft,web,
Barely Flare Pant,4404350910522,Leggings,active,web,2020-03-02T14:50:32-08:00
Chris Sport Bra (Reflective Camo Black/Grey),4650389635130,Sports Bra,active,web,2021-02-12T10:28:36-08:00
Christine Short (Balsam Green),4489032761402,Leggings,active,web,2020-06-15T10:41:32-07:00
Clarke Top (Bossa Nova),4643511468090,Tops,active,web,2021-01-29T14:04:49-08:00
Clarke Top (Moonlit Ocean),4643525066810,Tops,active,web,2021-01-29T14:23:58-08:00
Clarke Top (White),4531068239930,Tops,active,web,2020-08-06T16:15:33-07:00
Contender Printed Legging (Black/Aqua/Pink Wild Ditzy Floral),4607888851002,Leggings,active,web,2020-12-02T13:39:28-08:00
Core Tank (Star Mix Burnout),6539571462202,Tops,active,web,2021-03-05T13:21:12-08:00
Dana Short (Star Mix),6539571855418,Leggings,active,web,2021-03-05T13:23:13-08:00
Danni Short (Ocean White Tie Dye),4643500228666,shorts,active,web,2021-01-29T13:42:52-08:00
Daya Short Sleeve (Bright Pink),4404346650682,Tops,active,web,2020-03-02T14:50:32-08:00
Dual Reflect Legging (Black),4486834585658,Leggings,active,web,2020-06-11T13:43:45-07:00
Ellie Packable Backpack (Black),4388515971130,Accessories,active,web,2020-01-24T11:10:31-08:00
Elsa Capri (Black),4646618791994,Leggings,active,web,2021-02-04T11:05:39-08:00
Elsa Capri (Marlin),4646609518650,Bottoms,active,web,2021-02-04T10:56:07-08:00
Emori Top (Meteorite),4552038383674,Tops,active,web,2020-09-10T14:50:38-07:00
Erin Seamless Sport Bra (White),6539520311354,Sports Bra,active,web,2021-03-05T09:44:04-08:00
Essential Tank (Apple Butter),4565200764986,Tops,active,web,2020-10-02T13:44:55-07:00
Essential Tank (White),4458540105786,Tops,active,web,2020-05-14T14:12:12-07:00
Figure 8 Jelly Resistance Band,1352428945466,Equipment,active,web,2018-05-29T13:42:42-07:00
Geri Sport Bra (Stride Camo Emboss),6558295228474,Sports Bra,active,web,2021-04-14T14:34:32-07:00
Glade Mesh Short (Fuschia Purple),6582211575866,Leggings,active,web,2021-06-01T11:35:40-07:00
Greer Capri (Black),4428794167354,Leggings,active,web,2020-04-21T22:27:20-07:00
High Rise Printed Novelty Ankle Legging (Reflective Camo Black/Grey),4650391666746,Leggings,active,web,2021-02-12T10:39:52-08:00
Honey Tank (Zephyr Moda Floral),4584780791866,Tops,active,web,2021-07-15T13:34:27-07:00
Ivy Sport Bra (Wild Plum/ Rose Gold),4531013517370,Sports Bra,active,web,2020-08-06T15:20:39-07:00
Janice Seamless Bra (Vetiver),4584757526586,Sports Bra,active,web,2021-05-13T17:27:10-07:00
Jenna Sport Bra (Meteorite Torn Animal),4530973442106,Sports Bra,active,web,2020-08-06T14:42:52-07:00
Juliette Seamless Sport Bra (Black),4646641139770,Sports Bra,active,web,2021-02-04T12:19:03-08:00
Kaleigh Sport Bra (Sassy Coral),4404348583994,Sports Bra,active,web,2020-03-02T14:50:32-08:00
Katie Tank (White),4404338262074,Tops,active,web,2020-03-02T14:50:32-08:00
Kayla Singlet (Black),4642795782202,Tops,active,web,2021-01-28T09:34:32-08:00
Kayla Singlet (H. Canteloupe),4642801156154,Tops,active,web,2021-01-28T09:51:37-08:00
Kayla Singlet (H. Ultra Pink),4642799386682,Tops,active,web,2021-01-28T09:45:39-08:00
Laurie Tank (SLATE GREY),2477522616378,Tops,active,web,2019-07-15T14:58:51-07:00
Layla Hooded Jacket (H. Grey),4552026882106,sports-jacket,active,web,2020-09-10T14:10:21-07:00
Layla Jogger (H. Grey),4552029372474,Leggings,active,web,2020-09-10T14:17:04-07:00
Layla Long Bra (Black/ Atlantic Deep Watercolor Floral),4552036352058,Sports Bra,active,web,2020-09-10T14:42:05-07:00
Louis Seamless Sport Bra (Rosin),4509646356538,Sports Bra,active,web,2020-07-13T14:30:06-07:00
Luna Sport Bra (Black),4486840614970,Sports Bra,active,web,2020-06-11T13:43:45-07:00
Luxe Crop Tank (Black),4486839763002,Tops,active,web,2020-06-11T13:43:45-07:00
Lynn Sport Bra (Black/Aqua/Pink Wild Ditzy Floral),4607888293946,Sports Bra,active,web,2020-12-02T13:37:51-08:00
Marika Agility Cones (yellow),2405040488506,Equipment,active,web,2019-05-09T12:07:31-07:00
"Melange 27"" Legging (H. Apple Butter)",4565202436154,Leggings,active,web,2020-10-02T13:49:52-07:00
Motion Tank (Sunglow),4509710483514,Tops,active,web,2020-07-13T16:10:28-07:00
Moxie Singlet (Oxblood Red),4531022266426,Tops,active,web,2020-08-06T15:32:40-07:00
MYTAGALONGS Sunglass Case,2390687481914,Accessories,active,web,2019-04-22T12:40:11-07:00
Power Embossed Woven Short (White Leopard Emboss),4643509600314,shorts,active,web,2021-01-29T13:58:37-08:00
Prim Capri (Ombre Fade Pale Aqua),4468260241466,Bottoms,active,web,2020-05-22T08:30:40-07:00
Prim Capri (Ombre Fade Purple Heather),4646633668666,Bottoms,active,web,2021-02-05T15:49:55-08:00
Restore Legging (H. Vetiver),6582206300218,Leggings,active,web,2021-06-01T11:23:42-07:00
Robbie Sport Bra (Black),4509639278650,Sports Bra,active,web,2020-07-13T14:20:57-07:00
Ronnie Jogger (Bossa Nova),4643542892602,Bottoms,active,web,2021-01-29T14:58:27-08:00
Ronnie Jogger (H. Grey Zebra Stripe),4643545382970,Bottoms,active,web,2021-01-29T15:09:27-08:00
Ronnie Jogger (H. Lichen),4643548397626,Bottoms,active,web,2021-01-29T15:24:55-08:00
Scalloped Ankle Legging (North Sea),6539524800570,Leggings,active,web,2021-03-05T10:02:21-08:00
Shape Jacket (Black/ Black Torn Animal),4646593855546,Jacket,active,web,2021-02-04T09:43:13-08:00
Sophie Hoodie (Powder Pink),6571538382906,Tops,active,web,2021-05-13T17:23:43-07:00
Sparks Ankle (Wild Plum/ Rose Gold),4531015024698,Leggings,active,web,2020-08-06T15:22:52-07:00
Stellar Capri (Periscope),4427386650682,Leggings,active,web,2021-05-13T17:35:26-07:00
TEK FLEECE HEADBAND,1892042473530,Equipment,active,web,2020-01-07T11:18:20-08:00
Terry Wrist Bands,4599158931514,Accessories,active,web,2020-11-19T13:35:48-08:00
Tonya Seamless Sport Bra (Marlin),6562400206906,Sports Bra,active,web,2021-04-22T10:32:32-07:00
Trisha Tee (Deep Teal),4610797305914,Tops,active,web,2020-12-07T13:08:23-08:00
Weekender Hoodie (Star Mix),6539526275130,sports-jacket,active,web,2021-03-05T10:10:56-08:00
